{"cameraMode":{"drawMode":0,"name":"Shaded","section":"Shading Mode"},"sceneLighting":true,"audioPlay":false,"sceneViewState":{"showFog":true,"showMaterialUpdate":true,"showSkybox":true,"showFlares":true,"showImageEffects":true,"showParticleSystems":true},"in2DMode":false,"pivot":{"x":2.7192184925079347,"y":2.7145745754241945,"z":3.8472940921783449},"rotation":{"x":0.1948256641626358,"y":0.1873285472393036,"z":-0.03793950378894806,"w":0.9620492458343506},"size":7.68861722946167,"orthographic":false}