{"cameraMode":{"drawMode":0,"name":"Shaded","section":"Shading Mode"},"sceneLighting":true,"audioPlay":false,"sceneViewState":{"showFog":true,"showMaterialUpdate":true,"showSkybox":true,"showFlares":true,"showImageEffects":true,"showParticleSystems":true},"in2DMode":false,"pivot":{"x":1.6508742570877076,"y":0.4278205633163452,"z":-2.9680185317993166},"rotation":{"x":-0.08364535123109818,"y":0.8978099822998047,"z":-0.19446994364261628,"w":-0.38616588711738589},"size":1.860030174255371,"orthographic":false}